Series_Title,Released_Year,Certificate,Runtime,Genre,IMDB_Rating,No_of_Votes
The Shawshank Redemption,1994,A,142 min,Drama,9.3,2343110
The Godfather,1972,A,175 min,"Crime, Drama",9.2,1620367
The Dark Knight,2008,UA,152 min,"Action, Crime, Drama",9,2303232
The Godfather: Part II,1974,A,202 min,"Crime, Drama",9,1129952
12 Angry Men,1957,U,96 min,"Crime, Drama",9,689845
The Lord of the Rings: The Return of the King,2003,U,201 min,"Action, Adventure, Drama",8.9,1642758
Pulp Fiction,1994,A,154 min,"Crime, Drama",8.9,1826188
Schindler's List,1993,A,195 min,"Biography, Drama, History",8.9,1213505
Inception,2010,UA,148 min,"Action, Adventure, Sci-Fi",8.8,2067042
Fight Club,1999,A,139 min,Drama,8.8,1854740
The Lord of the Rings: The Fellowship of the Ring,2001,U,178 min,"Action, Adventure, Drama",8.8,1661481
Forrest Gump,1994,UA,142 min,"Drama, Romance",8.8,1809221
"Il buono, il brutto, il cattivo",1966,A,161 min,Western,8.8,688390
The Lord of the Rings: The Two Towers,2002,UA,179 min,"Action, Adventure, Drama",8.7,1485555
The Matrix,1999,A,136 min,"Action, Sci-Fi",8.7,1676426
Goodfellas,1990,A,146 min,"Biography, Crime, Drama",8.7,1020727
Star Wars: Episode V - The Empire Strikes Back,1980,UA,124 min,"Action, Adventure, Fantasy",8.7,1159315
One Flew Over the Cuckoo's Nest,1975,A,133 min,Drama,8.7,918088
Hamilton,2020,PG-13,160 min,"Biography, Drama, History",8.6,55291
Gisaengchung,2019,A,132 min,"Comedy, Drama, Thriller",8.6,552778
Soorarai Pottru,2020,U,153 min,Drama,8.6,54995
Interstellar,2014,UA,169 min,"Adventure, Drama, Sci-Fi",8.6,1512360
Cidade de Deus,2002,A,130 min,"Crime, Drama",8.6,699256
Sen to Chihiro no kamikakushi,2001,U,125 min,"Animation, Adventure, Family",8.6,651376
Saving Private Ryan,1998,R,169 min,"Drama, War",8.6,1235804
The Green Mile,1999,A,189 min,"Crime, Drama, Fantasy",8.6,1147794
La vita è bella,1997,U,116 min,"Comedy, Drama, Romance",8.6,623629
Se7en,1995,A,127 min,"Crime, Drama, Mystery",8.6,1445096
The Silence of the Lambs,1991,A,118 min,"Crime, Drama, Thriller",8.6,1270197
Star Wars,1977,UA,121 min,"Action, Adventure, Fantasy",8.6,1231473
Seppuku,1962,,133 min,"Action, Drama, Mystery",8.6,42004
Shichinin no samurai,1954,U,207 min,"Action, Adventure, Drama",8.6,315744
It's a Wonderful Life,1946,PG,130 min,"Drama, Family, Fantasy",8.6,405801
Joker,2019,A,122 min,"Crime, Drama, Thriller",8.5,939252
Whiplash,2014,A,106 min,"Drama, Music",8.5,717585
The Intouchables,2011,UA,112 min,"Biography, Comedy, Drama",8.5,760360
The Prestige,2006,U,130 min,"Drama, Mystery, Sci-Fi",8.5,1190259
The Departed,2006,A,151 min,"Crime, Drama, Thriller",8.5,1189773
The Pianist,2002,R,150 min,"Biography, Drama, Music",8.5,729603
Gladiator,2000,UA,155 min,"Action, Adventure, Drama",8.5,1341460
American History X,1998,R,119 min,Drama,8.5,1034705
The Usual Suspects,1995,A,106 min,"Crime, Mystery, Thriller",8.5,991208
Léon,1994,A,110 min,"Action, Crime, Drama",8.5,1035236
The Lion King,1994,U,88 min,"Animation, Adventure, Drama",8.5,942045
Terminator 2: Judgment Day,1991,U,137 min,"Action, Sci-Fi",8.5,995506
Nuovo Cinema Paradiso,1988,U,155 min,"Drama, Romance",8.5,230763
Hotaru no haka,1988,U,89 min,"Animation, Drama, War",8.5,235231
Back to the Future,1985,U,116 min,"Adventure, Comedy, Sci-Fi",8.5,1058081
Once Upon a Time in the West,1968,U,165 min,Western,8.5,302844
Psycho,1960,A,109 min,"Horror, Mystery, Thriller",8.5,604211
Casablanca,1942,U,102 min,"Drama, Romance, War",8.5,522093
Modern Times,1936,G,87 min,"Comedy, Drama, Family",8.5,217881
City Lights,1931,G,87 min,"Comedy, Drama, Romance",8.5,167839
Capharnaüm,2018,A,126 min,Drama,8.4,62635
Ayla: The Daughter of War,2017,,125 min,"Biography, Drama, History",8.4,34112
Vikram Vedha,2017,UA,147 min,"Action, Crime, Drama",8.4,28401
Kimi no na wa.,2016,U,106 min,"Animation, Drama, Fantasy",8.4,194838
Dangal,2016,U,161 min,"Action, Biography, Drama",8.4,156479
Spider-Man: Into the Spider-Verse,2018,U,117 min,"Animation, Action, Adventure",8.4,375110
Avengers: Endgame,2019,UA,181 min,"Action, Adventure, Drama",8.4,809955
Avengers: Infinity War,2018,UA,149 min,"Action, Adventure, Sci-Fi",8.4,834477
Coco,2017,U,105 min,"Animation, Adventure, Family",8.4,384171
Django Unchained,2012,A,165 min,"Drama, Western",8.4,1357682
The Dark Knight Rises,2012,UA,164 min,"Action, Adventure",8.4,1516346
3 Idiots,2009,UA,170 min,"Comedy, Drama",8.4,344445
Taare Zameen Par,2007,U,165 min,"Drama, Family",8.4,168895
WALL·E,2008,U,98 min,"Animation, Adventure, Family",8.4,999790
The Lives of Others,2006,A,137 min,"Drama, Mystery, Thriller",8.4,358685
Oldeuboi,2003,A,101 min,"Action, Drama, Mystery",8.4,515451
Memento,2000,UA,113 min,"Mystery, Thriller",8.4,1125712
Mononoke-hime,1997,U,134 min,"Animation, Action, Adventure",8.4,343171
Once Upon a Time in America,1984,A,229 min,"Crime, Drama",8.4,311365
Raiders of the Lost Ark,1981,A,115 min,"Action, Adventure",8.4,884112
The Shining,1980,A,146 min,"Drama, Horror",8.4,898237
Apocalypse Now,1979,R,147 min,"Drama, Mystery, War",8.4,606398
Alien,1979,R,117 min,"Horror, Sci-Fi",8.4,787806
Anand,1971,U,122 min,"Drama, Musical",8.4,30273
Tengoku to jigoku,1963,,143 min,"Crime, Drama, Mystery",8.4,34357
Dr. Strangelove or: How I Learned to Stop Worrying and Love the Bomb,1964,A,95 min,Comedy,8.4,450474
Witness for the Prosecution,1957,U,116 min,"Crime, Drama, Mystery",8.4,108862
Paths of Glory,1957,A,88 min,"Drama, War",8.4,178092
Rear Window,1954,U,112 min,"Mystery, Thriller",8.4,444074
Sunset Blvd.,1950,Passed,110 min,"Drama, Film-Noir",8.4,201632
The Great Dictator,1940,Passed,125 min,"Comedy, Drama, War",8.4,203150
1917,2019,R,119 min,"Drama, Thriller, War",8.3,425844
Tumbbad,2018,A,104 min,"Drama, Fantasy, Horror",8.3,27793
Andhadhun,2018,UA,139 min,"Crime, Drama, Music",8.3,71875
Drishyam,2013,U,160 min,"Crime, Drama, Thriller",8.3,30722
Jagten,2012,R,115 min,Drama,8.3,281623
Jodaeiye Nader az Simin,2011,PG-13,123 min,Drama,8.3,220002
Incendies,2010,R,131 min,"Drama, Mystery, War",8.3,150023
Miracle in cell NO.7,2019,TV-14,132 min,Drama,8.3,33935
Babam ve Oglum,2005,,112 min,"Drama, Family",8.3,78925
Inglourious Basterds,2009,A,153 min,"Adventure, Drama, War",8.3,1267869
Eternal Sunshine of the Spotless Mind,2004,UA,108 min,"Drama, Romance, Sci-Fi",8.3,911664
Amélie,2001,U,122 min,"Comedy, Romance",8.3,703810
Snatch,2000,UA,104 min,"Comedy, Crime",8.3,782001
Requiem for a Dream,2000,A,102 min,Drama,8.3,766870
American Beauty,1999,UA,122 min,Drama,8.3,1069738
Good Will Hunting,1997,U,126 min,"Drama, Romance",8.3,861606
Bacheha-Ye aseman,1997,PG,89 min,"Drama, Family, Sport",8.3,65341
Toy Story,1995,U,81 min,"Animation, Adventure, Comedy",8.3,887429
Braveheart,1995,A,178 min,"Biography, Drama, History",8.3,959181
Reservoir Dogs,1992,R,99 min,"Crime, Drama, Thriller",8.3,918562
Full Metal Jacket,1987,UA,116 min,"Drama, War",8.3,675146
Idi i smotri,1985,A,142 min,"Drama, Thriller, War",8.3,59056
Aliens,1986,U,137 min,"Action, Adventure, Sci-Fi",8.3,652719
Amadeus,1984,R,160 min,"Biography, Drama, History",8.3,369007
Scarface,1983,A,170 min,"Crime, Drama",8.3,740911
Star Wars: Episode VI - Return of the Jedi,1983,U,131 min,"Action, Adventure, Fantasy",8.3,950470
Das Boot,1981,R,149 min,"Adventure, Drama, Thriller",8.3,231855
Taxi Driver,1976,A,114 min,"Crime, Drama",8.3,724636
The Sting,1973,U,129 min,"Comedy, Crime, Drama",8.3,241513
A Clockwork Orange,1971,A,136 min,"Crime, Drama, Sci-Fi",8.3,757904
2001: A Space Odyssey,1968,U,149 min,"Adventure, Sci-Fi",8.3,603517
Per qualche dollaro in più,1965,U,132 min,Western,8.3,232772
Lawrence of Arabia,1962,U,228 min,"Adventure, Biography, Drama",8.3,268085
The Apartment,1960,U,125 min,"Comedy, Drama, Romance",8.3,164363
North by Northwest,1959,U,136 min,"Adventure, Mystery, Thriller",8.3,299198
Vertigo,1958,A,128 min,"Mystery, Romance, Thriller",8.3,364368
Singin' in the Rain,1952,G,103 min,"Comedy, Musical, Romance",8.3,218957
Ikiru,1952,,143 min,Drama,8.3,68463
Ladri di biciclette,1948,,89 min,Drama,8.3,146427
Double Indemnity,1944,Passed,107 min,"Crime, Drama, Film-Noir",8.3,143525
Citizen Kane,1941,UA,119 min,"Drama, Mystery",8.3,403351
M - Eine Stadt sucht einen Mörder,1931,Passed,117 min,"Crime, Mystery, Thriller",8.3,143434
Metropolis,1927,,153 min,"Drama, Sci-Fi",8.3,159992
The Kid,1921,Passed,68 min,"Comedy, Drama, Family",8.3,113314
Chhichhore,2019,UA,143 min,"Comedy, Drama",8.2,33893
Uri: The Surgical Strike,2018,UA,138 min,"Action, Drama, War",8.2,43444
K.G.F: Chapter 1,2018,UA,156 min,"Action, Drama",8.2,36680
Green Book,2018,UA,130 min,"Biography, Comedy, Drama",8.2,377884
"Three Billboards Outside Ebbing, Missouri",2017,A,115 min,"Comedy, Crime, Drama",8.2,432610
Talvar,2015,UA,132 min,"Crime, Drama, Mystery",8.2,31142
Baahubali 2: The Conclusion,2017,UA,167 min,"Action, Drama",8.2,75348
Klaus,2019,PG,96 min,"Animation, Adventure, Comedy",8.2,104761
Drishyam,2015,UA,163 min,"Crime, Drama, Mystery",8.2,70367
Queen,2013,UA,146 min,"Adventure, Comedy, Drama",8.2,60701
Mandariinid,2013,,87 min,"Drama, War",8.2,40382
Bhaag Milkha Bhaag,2013,U,186 min,"Biography, Drama, Sport",8.2,61137
Gangs of Wasseypur,2012,A,321 min,"Action, Comedy, Crime",8.2,82365
Udaan,2010,UA,134 min,Drama,8.2,42341
Paan Singh Tomar,2012,UA,135 min,"Action, Biography, Crime",8.2,33237
El secreto de sus ojos,2009,R,129 min,"Drama, Mystery, Romance",8.2,193217
Warrior,2011,UA,140 min,"Action, Drama, Sport",8.2,435950
Shutter Island,2010,A,138 min,"Mystery, Thriller",8.2,1129894
Up,2009,U,96 min,"Animation, Adventure, Comedy",8.2,935507
The Wolf of Wall Street,2013,A,180 min,"Biography, Crime, Drama",8.2,1187498
Chak De! India,2007,U,153 min,"Drama, Family, Sport",8.2,74129
There Will Be Blood,2007,A,158 min,Drama,8.2,517359
Pan's Labyrinth,2006,UA,118 min,"Drama, Fantasy, War",8.2,618623
Toy Story 3,2010,U,103 min,"Animation, Adventure, Comedy",8.2,757032
V for Vendetta,2005,A,132 min,"Action, Drama, Sci-Fi",8.2,1032749
Rang De Basanti,2006,UA,167 min,"Comedy, Crime, Drama",8.2,111937
Black,2005,U,122 min,Drama,8.2,33354
Batman Begins,2005,UA,140 min,"Action, Adventure",8.2,1308302
"Swades: We, the People",2004,U,210 min,Drama,8.2,83005
Der Untergang,2004,R,156 min,"Biography, Drama, History",8.2,331308
Hauru no ugoku shiro,2004,U,119 min,"Animation, Adventure, Family",8.2,333915
A Beautiful Mind,2001,UA,135 min,"Biography, Drama",8.2,848920
Hera Pheri,2000,U,156 min,"Action, Comedy, Crime",8.2,57057
"Lock, Stock and Two Smoking Barrels",1998,A,107 min,"Action, Comedy, Crime",8.2,535216
L.A. Confidential,1997,A,138 min,"Crime, Drama, Mystery",8.2,531967
Eskiya,1996,,128 min,"Crime, Drama, Thriller",8.2,64118
Heat,1995,A,170 min,"Crime, Drama, Thriller",8.2,577113
Casino,1995,A,178 min,"Crime, Drama",8.2,466276
Andaz Apna Apna,1994,U,160 min,"Action, Comedy, Romance",8.2,49300
Unforgiven,1992,A,130 min,"Drama, Western",8.2,375935
Indiana Jones and the Last Crusade,1989,U,127 min,"Action, Adventure",8.2,692366
Dom za vesanje,1988,R,142 min,"Comedy, Crime, Drama",8.2,26402
Tonari no Totoro,1988,U,86 min,"Animation, Family, Fantasy",8.2,291180
Die Hard,1988,A,132 min,"Action, Thriller",8.2,793164
Ran,1985,U,162 min,"Action, Drama, War",8.2,112505
Raging Bull,1980,A,129 min,"Biography, Drama, Sport",8.2,321860
Stalker,1979,U,162 min,"Drama, Sci-Fi",8.2,116945
Höstsonaten,1978,U,99 min,"Drama, Music",8.2,26875
The Message,1976,PG,177 min,"Biography, Drama, History",8.2,43885
Sholay,1975,U,204 min,"Action, Adventure, Comedy",8.2,51284
Monty Python and the Holy Grail,1975,PG,91 min,"Adventure, Comedy, Fantasy",8.2,500875
The Great Escape,1963,U,172 min,"Adventure, Drama, History",8.2,224730
To Kill a Mockingbird,1962,U,129 min,"Crime, Drama",8.2,293811
Yôjinbô,1961,,110 min,"Action, Drama, Thriller",8.2,111244
Judgment at Nuremberg,1961,A,179 min,"Drama, War",8.2,69458
Some Like It Hot,1959,U,121 min,"Comedy, Music, Romance",8.2,243943
Smultronstället,1957,U,91 min,"Drama, Romance",8.2,96381
Det sjunde inseglet,1957,A,96 min,"Drama, Fantasy, History",8.2,164939
Du rififi chez les hommes,1955,,118 min,"Crime, Drama, Thriller",8.2,28810
Dial M for Murder,1954,A,105 min,"Crime, Thriller",8.2,158335
Tôkyô monogatari,1953,U,136 min,Drama,8.2,53153
Rashômon,1950,,88 min,"Crime, Drama, Mystery",8.2,152572
All About Eve,1950,Passed,138 min,Drama,8.2,120539
The Treasure of the Sierra Madre,1948,Passed,126 min,"Adventure, Drama, Western",8.2,114304
To Be or Not to Be,1942,Passed,99 min,"Comedy, War",8.2,29915
The Gold Rush,1925,Passed,95 min,"Adventure, Comedy, Drama",8.2,101053
Sherlock Jr.,1924,Passed,45 min,"Action, Comedy, Romance",8.2,41985
Portrait de la jeune fille en feu,2019,R,122 min,"Drama, Romance",8.1,63134
Pink,2016,UA,136 min,"Drama, Thriller",8.1,39216
Koe no katachi,2016,16,130 min,"Animation, Drama, Family",8.1,47708
Contratiempo,2016,TV-MA,106 min,"Crime, Drama, Mystery",8.1,141516
Ah-ga-ssi,2016,A,145 min,"Drama, Romance, Thriller",8.1,113649
Mommy,2014,R,139 min,Drama,8.1,50700
Haider,2014,UA,160 min,"Action, Crime, Drama",8.1,50445
Logan,2017,A,137 min,"Action, Drama, Sci-Fi",8.1,647884
Room,2015,R,118 min,"Drama, Thriller",8.1,371538
Relatos salvajes,2014,R,122 min,"Comedy, Drama, Thriller",8.1,177059
Soul,2020,U,100 min,"Animation, Adventure, Comedy",8.1,159171
Kis Uykusu,2014,,196 min,Drama,8.1,46547
PK,2014,UA,153 min,"Comedy, Drama, Musical",8.1,163061
OMG: Oh My God!,2012,U,125 min,"Comedy, Drama, Fantasy",8.1,51739
The Grand Budapest Hotel,2014,UA,99 min,"Adventure, Comedy, Crime",8.1,707630
Gone Girl,2014,A,149 min,"Drama, Mystery, Thriller",8.1,859695
Ôkami kodomo no Ame to Yuki,2012,U,117 min,"Animation, Drama, Fantasy",8.1,38803
Hacksaw Ridge,2016,A,139 min,"Biography, Drama, History",8.1,435928
Inside Out,2015,U,95 min,"Animation, Adventure, Comedy",8.1,616228
Barfi!,2012,U,151 min,"Comedy, Drama, Romance",8.1,75721
12 Years a Slave,2013,A,134 min,"Biography, Drama, History",8.1,640533
Rush,2013,UA,123 min,"Action, Biography, Drama",8.1,432811
Ford v Ferrari,2019,UA,152 min,"Action, Biography, Drama",8.1,291289
Spotlight,2015,A,129 min,"Biography, Crime, Drama",8.1,420316
Song of the Sea,2014,PG,93 min,"Animation, Adventure, Drama",8.1,51679
Kahaani,2012,UA,122 min,"Mystery, Thriller",8.1,57806
Zindagi Na Milegi Dobara,2011,U,155 min,"Comedy, Drama",8.1,67927
Prisoners,2013,A,153 min,"Crime, Drama, Mystery",8.1,601149
Mad Max: Fury Road,2015,UA,120 min,"Action, Adventure, Sci-Fi",8.1,882316
A Wednesday,2008,UA,104 min,"Action, Crime, Drama",8.1,73891
Gran Torino,2008,R,116 min,Drama,8.1,720450
Harry Potter and the Deathly Hallows: Part 2,2011,UA,130 min,"Adventure, Drama, Fantasy",8.1,764493
Okuribito,2008,PG-13,130 min,"Drama, Music",8.1,48582
Hachi: A Dog's Tale,2009,G,93 min,"Biography, Drama, Family",8.1,253575
Mary and Max,2009,,92 min,"Animation, Comedy, Drama",8.1,164462
How to Train Your Dragon,2010,U,98 min,"Animation, Action, Adventure",8.1,666773
Into the Wild,2007,R,148 min,"Adventure, Biography, Drama",8.1,572921
No Country for Old Men,2007,R,122 min,"Crime, Drama, Thriller",8.1,856916
Lage Raho Munna Bhai,2006,U,144 min,"Comedy, Drama, Romance",8.1,43137
Million Dollar Baby,2004,UA,132 min,"Drama, Sport",8.1,635975
Hotel Rwanda,2004,PG-13,121 min,"Biography, Drama, History",8.1,334320
Taegukgi hwinalrimyeo,2004,R,140 min,"Action, Drama, War",8.1,37820
Before Sunset,2004,R,80 min,"Drama, Romance",8.1,236311
Munna Bhai M.B.B.S.,2003,U,156 min,"Comedy, Drama, Musical",8.1,73992
Salinui chueok,2003,UA,131 min,"Crime, Drama, Mystery",8.1,139558
Dil Chahta Hai,2001,Unrated,183 min,"Comedy, Drama, Romance",8.1,66803
Kill Bill: Vol. 1,2003,R,111 min,"Action, Crime, Drama",8.1,1000639
Finding Nemo,2003,U,100 min,"Animation, Adventure, Comedy",8.1,949565
Catch Me If You Can,2002,A,141 min,"Biography, Crime, Drama",8.1,832846
Amores perros,2000,A,154 min,"Drama, Thriller",8.1,223741
"Monsters, Inc.",2001,U,92 min,"Animation, Adventure, Comedy",8.1,815505
"Shin seiki Evangelion Gekijô-ban: Air/Magokoro wo, kimi ni",1997,UA,87 min,"Animation, Action, Drama",8.1,38847
Lagaan: Once Upon a Time in India,2001,U,224 min,"Adventure, Drama, Musical",8.1,105036
The Sixth Sense,1999,A,107 min,"Drama, Mystery, Thriller",8.1,911573
La leggenda del pianista sull'oceano,1998,U,169 min,"Drama, Music, Romance",8.1,59020
The Truman Show,1998,U,103 min,"Comedy, Drama",8.1,939631
"Crna macka, beli macor",1998,R,127 min,"Comedy, Crime, Romance",8.1,50862
The Big Lebowski,1998,R,117 min,"Comedy, Crime, Sport",8.1,732620
Fa yeung nin wah,2000,U,98 min,"Drama, Romance",8.1,124383
Trainspotting,1996,A,93 min,Drama,8.1,634716
Fargo,1996,A,98 min,"Crime, Drama, Thriller",8.1,617444
Underground,1995,,170 min,"Comedy, Drama, War",8.1,55220
La haine,1995,UA,98 min,"Crime, Drama",8.1,150345
Dilwale Dulhania Le Jayenge,1995,U,189 min,"Drama, Romance",8.1,63516
Before Sunrise,1995,R,101 min,"Drama, Romance",8.1,272291
Trois couleurs: Rouge,1994,U,99 min,"Drama, Mystery, Romance",8.1,90729
Chung Hing sam lam,1994,U,102 min,"Comedy, Crime, Drama",8.1,63122
Jurassic Park,1993,UA,127 min,"Action, Adventure, Sci-Fi",8.1,867615
In the Name of the Father,1993,UA,133 min,"Biography, Crime, Drama",8.1,156842
Ba wang bie ji,1993,R,171 min,"Drama, Music, Romance",8.1,25088
Dà hóng denglong gaogao guà,1991,PG,125 min,"Drama, History, Romance",8.1,29662
Dead Poets Society,1989,U,128 min,"Comedy, Drama",8.1,425457
Stand by Me,1986,U,89 min,"Adventure, Drama",8.1,363401
Platoon,1986,A,120 min,"Drama, War",8.1,381222
"Paris, Texas",1984,U,145 min,Drama,8.1,91188
Kaze no tani no Naushika,1984,U,117 min,"Animation, Adventure, Fantasy",8.1,150924
The Thing,1982,A,109 min,"Horror, Mystery, Sci-Fi",8.1,371271
Pink Floyd: The Wall,1982,UA,95 min,"Drama, Fantasy, Music",8.1,76081
Fitzcarraldo,1982,R,158 min,"Adventure, Drama",8.1,31595
Fanny och Alexander,1982,A,188 min,Drama,8.1,57784
Blade Runner,1982,UA,117 min,"Action, Sci-Fi, Thriller",8.1,693827
The Elephant Man,1980,UA,124 min,"Biography, Drama",8.1,220078
Life of Brian,1979,R,94 min,Comedy,8.1,367250
The Deer Hunter,1978,A,183 min,"Drama, War",8.1,311361
Rocky,1976,U,120 min,"Drama, Sport",8.1,518546
Network,1976,UA,121 min,Drama,8.1,144911
Barry Lyndon,1975,PG,185 min,"Adventure, Drama, History",8.1,149843
Zerkalo,1975,G,107 min,"Biography, Drama",8.1,40081
Chinatown,1974,UA,130 min,"Drama, Mystery, Thriller",8.1,294230
Paper Moon,1973,U,102 min,"Comedy, Crime, Drama",8.1,42285
Viskningar och rop,1972,A,91 min,Drama,8.1,30206
Solaris,1972,PG,167 min,"Drama, Mystery, Sci-Fi",8.1,81021
Le samouraï,1967,GP,105 min,"Crime, Drama, Mystery",8.1,45434
Cool Hand Luke,1967,A,127 min,"Crime, Drama",8.1,161984
Persona,1966,,85 min,"Drama, Thriller",8.1,103191
Andrei Rublev,1966,R,205 min,"Biography, Drama, History",8.1,46947
La battaglia di Algeri,1966,,121 min,"Drama, War",8.1,53089
El ángel exterminador,1962,,95 min,"Drama, Fantasy",8.1,29682
What Ever Happened to Baby Jane?,1962,Passed,134 min,"Drama, Horror, Thriller",8.1,50058
Sanjuro,1962,U,96 min,"Action, Comedy, Crime",8.1,33044
The Man Who Shot Liberty Valance,1962,,123 min,"Drama, Western",8.1,68827
Ivanovo detstvo,1962,,95 min,"Drama, War",8.1,31728
Jungfrukällan,1960,A,89 min,Drama,8.1,26697
Inherit the Wind,1960,Passed,128 min,"Biography, Drama, History",8.1,27254
Les quatre cents coups,1959,,99 min,"Crime, Drama",8.1,105291
Ben-Hur,1959,U,212 min,"Adventure, Drama, History",8.1,219466
Kakushi-toride no san-akunin,1958,,139 min,"Adventure, Drama",8.1,34797
Le notti di Cabiria,1957,,110 min,Drama,8.1,42940
Kumonosu-jô,1957,,110 min,"Drama, History",8.1,46678
The Bridge on the River Kwai,1957,PG,161 min,"Adventure, Drama, War",8.1,203463
On the Waterfront,1954,A,108 min,"Crime, Drama, Thriller",8.1,142107
Le salaire de la peur,1953,U,131 min,"Adventure, Drama, Thriller",8.1,54588
Ace in the Hole,1951,Approved,111 min,"Drama, Film-Noir",8.1,31568
White Heat,1949,,114 min,"Action, Crime, Drama",8.1,29807
The Third Man,1949,Approved,104 min,"Film-Noir, Mystery, Thriller",8.1,158731
The Red Shoes,1948,,135 min,"Drama, Music, Romance",8.1,30935
The Shop Around the Corner,1940,,99 min,"Comedy, Drama, Romance",8.1,28450
Rebecca,1940,Approved,130 min,"Drama, Mystery, Romance",8.1,123942
Mr. Smith Goes to Washington,1939,Passed,129 min,"Comedy, Drama",8.1,107017
Gone with the Wind,1939,U,238 min,"Drama, History, Romance",8.1,290074
La Grande Illusion,1937,,113 min,"Drama, War",8.1,33829
It Happened One Night,1934,Approved,105 min,"Comedy, Romance",8.1,94016
La passion de Jeanne d'Arc,1928,Passed,110 min,"Biography, Drama, History",8.1,47676
The Circus,1928,Passed,72 min,"Comedy, Romance",8.1,30205
Sunrise: A Song of Two Humans,1927,Passed,94 min,"Drama, Romance",8.1,46865
The General,1926,Passed,67 min,"Action, Adventure, Comedy",8.1,81156
Das Cabinet des Dr. Caligari,1920,,76 min,"Fantasy, Horror, Mystery",8.1,57428
Badhaai ho,2018,UA,124 min,"Comedy, Drama",8,27978
Togo,2019,U,113 min,"Adventure, Biography, Drama",8,37556
Airlift,2016,UA,130 min,"Drama, History",8,52897
Bajrangi Bhaijaan,2015,UA,163 min,"Action, Adventure, Comedy",8,72245
Baby,2015,UA,159 min,"Action, Crime, Thriller",8,52848
La La Land,2016,A,128 min,"Comedy, Drama, Music",8,505918
Lion,2016,U,118 min,"Biography, Drama",8,213970
The Martian,2015,UA,144 min,"Adventure, Drama, Sci-Fi",8,760094
Zootopia,2016,U,108 min,"Animation, Adventure, Comedy",8,434143
Bãhubali: The Beginning,2015,UA,159 min,"Action, Drama",8,102972
Kaguyahime no monogatari,2013,U,137 min,"Animation, Adventure, Drama",8,38746
Wonder,2017,U,113 min,"Drama, Family",8,141923
Gully Boy,2019,UA,154 min,"Drama, Music, Romance",8,31886
Special Chabbis,2013,UA,144 min,"Crime, Drama, Thriller",8,51069
Short Term 12,2013,R,96 min,Drama,8,81770
Serbuan maut 2: Berandal,2014,A,150 min,"Action, Crime, Thriller",8,114316
The Imitation Game,2014,UA,114 min,"Biography, Drama, Thriller",8,685201
Guardians of the Galaxy,2014,UA,121 min,"Action, Adventure, Comedy",8,1043455
Blade Runner 2049,2017,UA,164 min,"Action, Drama, Mystery",8,461823
Her,2013,A,126 min,"Drama, Romance, Sci-Fi",8,540772
Bohemian Rhapsody,2018,UA,134 min,"Biography, Drama, Music",8,450349
The Revenant,2015,A,156 min,"Action, Adventure, Drama",8,705589
The Perks of Being a Wallflower,2012,UA,103 min,"Drama, Romance",8,462252
Tropa de Elite 2: O Inimigo Agora é Outro,2010,,115 min,"Action, Crime, Drama",8,79200
The King's Speech,2010,U,118 min,"Biography, Drama, History",8,639603
The Help,2011,UA,146 min,Drama,8,428521
Deadpool,2016,R,108 min,"Action, Adventure, Comedy",8,902669
Darbareye Elly,2009,TV-PG,119 min,"Drama, Mystery",8,45803
Dev.D,2009,A,144 min,"Drama, Romance",8,28749
Yip Man,2008,R,106 min,"Action, Biography, Drama",8,211427
My Name Is Khan,2010,UA,165 min,Drama,8,98575
Nefes: Vatan Sagolsun,2009,,128 min,"Action, Drama, Thriller",8,31838
Slumdog Millionaire,2008,UA,120 min,"Drama, Romance",8,798882
Black Swan,2010,A,108 min,"Drama, Thriller",8,699673
Tropa de Elite,2007,R,115 min,"Action, Crime, Drama",8,98097
The Avengers,2012,UA,143 min,"Action, Adventure, Sci-Fi",8,1260806
Persepolis,2007,PG-13,96 min,"Animation, Biography, Drama",8,88656
Dallas Buyers Club,2013,R,117 min,"Biography, Drama",8,441614
The Pursuit of Happyness,2006,U,117 min,"Biography, Drama",8,448930
Blood Diamond,2006,A,143 min,"Adventure, Drama, Thriller",8,499439
The Bourne Ultimatum,2007,UA,115 min,"Action, Mystery, Thriller",8,604694
Bin-jip,2004,U,88 min,"Crime, Drama, Romance",8,50610
Sin City,2005,A,124 min,"Crime, Thriller",8,738512
Le scaphandre et le papillon,2007,PG-13,112 min,"Biography, Drama",8,103284
G.O.R.A.,2004,,127 min,"Adventure, Comedy, Sci-Fi",8,56960
Ratatouille,2007,U,111 min,"Animation, Adventure, Comedy",8,641645
Casino Royale,2006,PG-13,144 min,"Action, Adventure, Thriller",8,582239
Kill Bill: Vol. 2,2004,A,137 min,"Action, Crime, Thriller",8,683900
Vozvrashchenie,2003,,110 min,Drama,8,42399
Bom Yeoareum Gaeul Gyeoul Geurigo Bom,2003,R,103 min,"Drama, Romance",8,77520
Mar adentro,2014,U,126 min,"Biography, Drama",8,77554
Cinderella Man,2005,UA,144 min,"Biography, Drama, History",8,176151
Kal Ho Naa Ho,2003,U,186 min,"Comedy, Drama, Musical",8,63460
Mou gaan dou,2002,UA,101 min,"Action, Crime, Drama",8,117857
Pirates of the Caribbean: The Curse of the Black Pearl,2003,UA,143 min,"Action, Adventure, Fantasy",8,1015122
Big Fish,2003,U,125 min,"Adventure, Drama, Fantasy",8,415218
The Incredibles,2004,U,115 min,"Animation, Action, Adventure",8,657047
Yeopgijeogin geunyeo,2001,,137 min,"Comedy, Drama, Romance",8,45403
Dogville,2003,R,178 min,"Crime, Drama",8,137963
Vizontele,2001,,110 min,"Comedy, Drama",8,33592
Donnie Darko,2001,R,113 min,"Drama, Mystery, Sci-Fi",8,740086
Magnolia,1999,R,188 min,Drama,8,289742
Dancer in the Dark,2000,U,140 min,"Crime, Drama, Musical",8,102285
The Straight Story,1999,U,112 min,"Biography, Drama",8,82002
Pâfekuto burû,1997,A,81 min,"Animation, Crime, Mystery",8,58192
Festen,1998,R,105 min,Drama,8,78341
Central do Brasil,1998,R,110 min,Drama,8,36419
The Iron Giant,1999,PG,86 min,"Animation, Action, Adventure",8,172083
Knockin' on Heaven's Door,1997,,87 min,"Action, Crime, Comedy",8,27721
Sling Blade,1996,R,135 min,Drama,8,86838
Secrets & Lies,1996,U,136 min,"Comedy, Drama",8,37564
Twelve Monkeys,1995,A,129 min,"Mystery, Sci-Fi, Thriller",8,578443
Kôkaku Kidôtai,1995,UA,83 min,"Animation, Action, Crime",8,129231
The Nightmare Before Christmas,1993,U,76 min,"Animation, Family, Fantasy",8,300208
Groundhog Day,1993,U,101 min,"Comedy, Fantasy, Romance",8,577991
Bound by Honor,1993,R,180 min,"Crime, Drama",8,28825
Scent of a Woman,1992,UA,156 min,Drama,8,263918
Aladdin,1992,U,90 min,"Animation, Adventure, Comedy",8,373845
JFK,1991,UA,189 min,"Drama, History, Thriller",8,142110
Beauty and the Beast,1991,G,84 min,"Animation, Family, Fantasy",8,417178
Dances with Wolves,1990,U,181 min,"Adventure, Drama, Western",8,240266
Do the Right Thing,1989,R,120 min,"Comedy, Drama",8,89429
Rain Man,1988,U,133 min,Drama,8,473064
Akira,1988,UA,124 min,"Animation, Action, Sci-Fi",8,164918
The Princess Bride,1987,U,98 min,"Adventure, Family, Fantasy",8,393899
Der Himmel über Berlin,1987,U,128 min,"Drama, Fantasy, Romance",8,64722
Au revoir les enfants,1987,U,104 min,"Drama, War",8,31163
Tenkû no shiro Rapyuta,1986,U,125 min,"Animation, Adventure, Drama",8,150140
The Terminator,1984,UA,107 min,"Action, Sci-Fi",8,799795
Gandhi,1982,U,191 min,"Biography, Drama, History",8,217664
Kagemusha,1980,U,180 min,"Drama, History, War",8,32195
Being There,1979,PG,130 min,"Comedy, Drama",8,65625
Annie Hall,1977,A,93 min,"Comedy, Romance",8,251823
Jaws,1975,A,124 min,"Adventure, Thriller",8,543388
Dog Day Afternoon,1975,U,125 min,"Biography, Crime, Drama",8,235652
Young Frankenstein,1974,A,106 min,Comedy,8,143359
Papillon,1973,R,151 min,"Biography, Crime, Drama",8,121627
The Exorcist,1973,A,122 min,Horror,8,362393
Sleuth,1972,PG,138 min,"Mystery, Thriller",8,44748
The Last Picture Show,1971,R,118 min,"Drama, Romance",8,42456
Fiddler on the Roof,1971,G,181 min,"Drama, Family, Musical",8,39491
Il conformista,1970,UA,113 min,Drama,8,27067
Butch Cassidy and the Sundance Kid,1969,PG,110 min,"Biography, Crime, Drama",8,201888
Rosemary's Baby,1968,A,137 min,"Drama, Horror",8,193674
Planet of the Apes,1968,U,112 min,"Adventure, Sci-Fi",8,165167
The Graduate,1967,A,106 min,"Comedy, Drama, Romance",8,253676
Who's Afraid of Virginia Woolf?,1966,A,131 min,Drama,8,68926
The Sound of Music,1965,U,172 min,"Biography, Drama, Family",8,205425
Doctor Zhivago,1965,A,197 min,"Drama, Romance, War",8,69903
Per un pugno di dollari,1964,A,99 min,"Action, Drama, Western",8,198219
8½,1963,,138 min,Drama,8,108844
Vivre sa vie: Film en douze tableaux,1962,,80 min,Drama,8,28057
The Hustler,1961,A,134 min,"Drama, Sport",8,75067
La dolce vita,1960,A,174 min,"Comedy, Drama",8,66621
Rio Bravo,1959,Passed,141 min,"Action, Drama, Western",8,56305
Anatomy of a Murder,1959,,161 min,"Crime, Drama, Mystery",8,59847
Touch of Evil,1958,PG-13,95 min,"Crime, Drama, Film-Noir",8,98431
Cat on a Hot Tin Roof,1958,A,108 min,Drama,8,45062
Sweet Smell of Success,1957,Approved,96 min,"Drama, Film-Noir",8,28137
The Killing,1956,Approved,84 min,"Crime, Drama, Film-Noir",8,81702
The Night of the Hunter,1955,,92 min,"Crime, Drama, Film-Noir",8,81980
La Strada,1954,,108 min,Drama,8,58314
Les diaboliques,1955,,117 min,"Crime, Drama, Horror",8,61503
Stalag 17,1953,,120 min,"Comedy, Drama, War",8,51046
Roman Holiday,1953,,118 min,"Comedy, Romance",8,127256
A Streetcar Named Desire,1951,A,122 min,Drama,8,99182
In a Lonely Place,1950,,94 min,"Drama, Film-Noir, Mystery",8,26784
Kind Hearts and Coronets,1949,U,106 min,"Comedy, Crime",8,34485
Rope,1948,A,80 min,"Crime, Drama, Mystery",8,129783
Out of the Past,1947,,97 min,"Crime, Drama, Film-Noir",8,32784
Brief Encounter,1945,U,86 min,"Drama, Romance",8,35601
Laura,1944,Passed,88 min,"Drama, Film-Noir, Mystery",8,42725
The Best Years of Our Lives,1946,Approved,170 min,"Drama, Romance, War",8,57259
Arsenic and Old Lace,1942,,118 min,"Comedy, Crime, Thriller",8,65101
The Maltese Falcon,1941,,100 min,"Film-Noir, Mystery",8,148928
The Grapes of Wrath,1940,Passed,129 min,"Drama, History",8,85559
The Wizard of Oz,1939,U,102 min,"Adventure, Family, Fantasy",8,371379
La règle du jeu,1939,,110 min,"Comedy, Drama",8,26725
The Thin Man,1934,TV-PG,91 min,"Comedy, Crime, Mystery",8,26642
All Quiet on the Western Front,1930,U,152 min,"Drama, War",8,57318
Bronenosets Potemkin,1925,,75 min,"Drama, History, Thriller",8,53054
Knives Out,2019,UA,130 min,"Comedy, Crime, Drama",7.9,454203
Dil Bechara,2020,UA,101 min,"Comedy, Drama, Romance",7.9,111478
Manbiki kazoku,2018,A,121 min,"Crime, Drama",7.9,62754
Marriage Story,2019,U,137 min,"Comedy, Drama, Romance",7.9,246644
Call Me by Your Name,2017,UA,132 min,"Drama, Romance",7.9,212651
"I, Daniel Blake",2016,UA,100 min,Drama,7.9,53818
Isle of Dogs,2018,U,101 min,"Animation, Adventure, Comedy",7.9,139114
Hunt for the Wilderpeople,2016,UA,101 min,"Adventure, Comedy, Drama",7.9,111483
Captain Fantastic,2016,R,118 min,"Comedy, Drama",7.9,189400
Sing Street,2016,PG-13,106 min,"Comedy, Drama, Music",7.9,85109
Thor: Ragnarok,2017,UA,130 min,"Action, Adventure, Comedy",7.9,587775
Nightcrawler,2014,A,117 min,"Crime, Drama, Thriller",7.9,466134
Jojo Rabbit,2019,UA,108 min,"Comedy, Drama, War",7.9,297918
Arrival,2016,UA,116 min,"Drama, Sci-Fi",7.9,594181
Star Wars: Episode VII - The Force Awakens,2015,U,138 min,"Action, Adventure, Sci-Fi",7.9,860823
Before Midnight,2013,R,109 min,"Drama, Romance",7.9,141457
X-Men: Days of Future Past,2014,UA,132 min,"Action, Adventure, Sci-Fi",7.9,659763
Bir Zamanlar Anadolu'da,2011,,157 min,"Crime, Drama",7.9,41995
The Artist,2011,U,100 min,"Comedy, Drama, Romance",7.9,230624
Edge of Tomorrow,2014,UA,113 min,"Action, Adventure, Sci-Fi",7.9,600004
Amour,2012,UA,127 min,"Drama, Romance",7.9,93090
The Irishman,2019,R,209 min,"Biography, Crime, Drama",7.9,324720
Un prophète,2009,A,155 min,"Crime, Drama",7.9,93560
Moon,2009,R,97 min,"Drama, Mystery, Sci-Fi",7.9,335152
Låt den rätte komma in,2008,R,114 min,"Crime, Drama, Fantasy",7.9,205609
District 9,2009,A,112 min,"Action, Sci-Fi, Thriller",7.9,638202
The Wrestler,2008,UA,109 min,"Drama, Sport",7.9,289415
Jab We Met,2007,U,138 min,"Comedy, Drama, Romance",7.9,47720
Boyhood,2014,A,165 min,Drama,7.9,335533
"4 luni, 3 saptamâni si 2 zile",2007,,113 min,Drama,7.9,56625
Star Trek,2009,UA,127 min,"Action, Adventure, Sci-Fi",7.9,577336
In Bruges,2008,R,107 min,"Comedy, Crime, Drama",7.9,390334
The Man from Earth,2007,,87 min,"Drama, Fantasy, Mystery",7.9,174125
Letters from Iwo Jima,2006,UA,141 min,"Action, Adventure, Drama",7.9,154011
The Fall,2006,R,117 min,"Adventure, Drama, Fantasy",7.9,107290
Life of Pi,2012,U,127 min,"Adventure, Drama, Fantasy",7.9,580708
Fantastic Mr. Fox,2009,PG,87 min,"Animation, Adventure, Comedy",7.9,199696
C.R.A.Z.Y.,2005,,129 min,"Comedy, Drama",7.9,31476
Les choristes,2004,PG-13,97 min,"Drama, Music",7.9,57430
Iron Man,2008,UA,126 min,"Action, Adventure, Sci-Fi",7.9,939644
Shaun of the Dead,2004,UA,99 min,"Comedy, Horror",7.9,512249
Gegen die Wand,2004,R,121 min,"Drama, Romance",7.9,51325
Mystic River,2003,A,138 min,"Crime, Drama, Mystery",7.9,419420
Harry Potter and the Prisoner of Azkaban,2004,U,142 min,"Adventure, Family, Fantasy",7.9,552493
Ying xiong,2002,PG-13,120 min,"Action, Adventure, History",7.9,173999
Hable con ella,2002,R,112 min,"Drama, Mystery, Romance",7.9,104691
No Man's Land,2001,R,98 min,"Comedy, Drama, War",7.9,44618
Cowboy Bebop: Tengoku no tobira,2001,U,115 min,"Animation, Action, Crime",7.9,42897
The Bourne Identity,2002,UA,119 min,"Action, Mystery, Thriller",7.9,508771
Nueve reinas,2000,R,114 min,"Crime, Drama, Thriller",7.9,49721
Children of Men,2006,A,109 min,"Adventure, Drama, Sci-Fi",7.9,465113
Almost Famous,2000,A,122 min,"Adventure, Comedy, Drama",7.9,252586
Mulholland Dr.,2001,R,147 min,"Drama, Mystery, Thriller",7.9,322031
Toy Story 2,1999,U,92 min,"Animation, Adventure, Comedy",7.9,527512
Boogie Nights,1997,R,155 min,Drama,7.9,239473
Mimi wo sumaseba,1995,U,111 min,"Animation, Drama, Family",7.9,51943
Once Were Warriors,1994,A,102 min,"Crime, Drama",7.9,31590
True Romance,1993,R,119 min,"Crime, Drama, Romance",7.9,206918
Trois couleurs: Bleu,1993,U,94 min,"Drama, Music, Mystery",7.9,89836
Jûbê ninpûchô,1993,A,94 min,"Animation, Action, Adventure",7.9,34529
Carlito's Way,1993,A,144 min,"Crime, Drama, Thriller",7.9,201000
Edward Scissorhands,1990,U,105 min,"Drama, Fantasy, Romance",7.9,447368
My Left Foot: The Story of Christy Brown,1989,U,103 min,"Biography, Drama",7.9,68076
Crimes and Misdemeanors,1989,PG-13,104 min,"Comedy, Drama",7.9,54670
The Untouchables,1987,A,119 min,"Crime, Drama, Thriller",7.9,281842
Hannah and Her Sisters,1986,PG-13,107 min,"Comedy, Drama",7.9,67176
Brazil,1985,U,132 min,"Drama, Sci-Fi",7.9,187567
This Is Spinal Tap,1984,R,82 min,"Comedy, Music",7.9,128812
A Christmas Story,1983,U,93 min,"Comedy, Family",7.9,132947
The Blues Brothers,1980,U,133 min,"Action, Adventure, Comedy",7.9,183182
Manhattan,1979,R,96 min,"Comedy, Drama, Romance",7.9,131436
All That Jazz,1979,A,123 min,"Drama, Music, Musical",7.9,28223
Dawn of the Dead,1978,A,127 min,"Action, Adventure, Horror",7.9,111512
All the President's Men,1976,U,138 min,"Biography, Drama, History",7.9,103031
La montaña sagrada,1973,R,114 min,"Adventure, Drama, Fantasy",7.9,37183
Amarcord,1973,R,123 min,"Comedy, Drama, Family",7.9,39897
Le charme discret de la bourgeoisie,1972,PG,102 min,Comedy,7.9,38737
"Aguirre, der Zorn Gottes",1972,,95 min,"Action, Adventure, Biography",7.9,52397
Harold and Maude,1971,PG,91 min,"Comedy, Drama, Romance",7.9,70826
Patton,1970,U,172 min,"Biography, Drama, War",7.9,93741
The Wild Bunch,1969,A,145 min,"Action, Adventure, Western",7.9,77401
Night of the Living Dead,1968,,96 min,"Horror, Thriller",7.9,116557
The Lion in Winter,1968,PG,134 min,"Biography, Drama, History",7.9,29003
In the Heat of the Night,1967,U,110 min,"Crime, Drama, Mystery",7.9,67804
Charade,1963,U,113 min,"Comedy, Mystery, Romance",7.9,68689
The Manchurian Candidate,1962,PG-13,126 min,"Drama, Thriller",7.9,71122
Spartacus,1960,A,197 min,"Adventure, Biography, Drama",7.9,124339
L'avventura,1960,U,144 min,"Drama, Mystery",7.9,26542
Hiroshima mon amour,1959,,90 min,"Drama, Romance",7.9,28421
The Ten Commandments,1956,U,220 min,"Adventure, Drama",7.9,63560
The Searchers,1956,Passed,119 min,"Adventure, Drama, Western",7.9,80316
East of Eden,1955,U,118 min,Drama,7.9,40313
High Noon,1952,PG,85 min,"Drama, Thriller, Western",7.9,97222
Strangers on a Train,1951,A,101 min,"Crime, Film-Noir, Thriller",7.9,123341
Harvey,1950,Approved,104 min,"Comedy, Drama, Fantasy",7.9,52573
Miracle on 34th Street,1947,,96 min,"Comedy, Drama, Family",7.9,41625
Notorious,1946,U,102 min,"Drama, Film-Noir, Romance",7.9,92306
The Big Sleep,1946,Passed,114 min,"Crime, Film-Noir, Mystery",7.9,78796
The Lost Weekend,1945,Passed,101 min,"Drama, Film-Noir",7.9,33549
The Philadelphia Story,1940,,112 min,"Comedy, Romance",7.9,63550
His Girl Friday,1940,Passed,92 min,"Comedy, Drama, Romance",7.9,53667
The Adventures of Robin Hood,1938,PG,102 min,"Action, Adventure, Romance",7.9,47175
A Night at the Opera,1935,Passed,96 min,"Comedy, Music, Musical",7.9,30580
King Kong,1933,Passed,100 min,"Adventure, Horror, Sci-Fi",7.9,78991
Freaks,1932,,64 min,"Drama, Horror",7.9,42117
Nosferatu,1922,,94 min,"Fantasy, Horror",7.9,88794
The Gentlemen,2019,A,113 min,"Action, Comedy, Crime",7.8,237392
Raazi,2018,UA,138 min,"Action, Drama, Thriller",7.8,25344
Sound of Metal,2019,R,120 min,"Drama, Music",7.8,27187
Forushande,2016,UA,124 min,Drama,7.8,51240
Dunkirk,2017,UA,106 min,"Action, Drama, History",7.8,555092
Perfetti sconosciuti,2016,,96 min,"Comedy, Drama",7.8,57168
Hidden Figures,2016,UA,127 min,"Biography, Drama, History",7.8,200876
Paddington 2,2017,U,103 min,"Adventure, Comedy, Family",7.8,61594
Udta Punjab,2016,A,148 min,"Action, Crime, Drama",7.8,27175
Kubo and the Two Strings,2016,PG,101 min,"Animation, Action, Adventure",7.8,118035
M.S. Dhoni: The Untold Story,2016,U,184 min,"Biography, Drama, Sport",7.8,40416
Manchester by the Sea,2016,UA,137 min,Drama,7.8,246963
Under sandet,2015,R,100 min,"Drama, History, War",7.8,35539
Rogue One,2016,UA,133 min,"Action, Adventure, Sci-Fi",7.8,556608
Captain America: Civil War,2016,UA,147 min,"Action, Adventure, Sci-Fi",7.8,663649
The Hateful Eight,2015,A,168 min,"Crime, Drama, Mystery",7.8,517059
Little Women,2019,U,135 min,"Drama, Romance",7.8,143250
Loving Vincent,2017,UA,94 min,"Animation, Biography, Crime",7.8,50778
Pride,2014,R,119 min,"Biography, Comedy, Drama",7.8,51841
Le passé,2013,PG-13,130 min,"Drama, Mystery",7.8,45002
La grande bellezza,2013,,141 min,Drama,7.8,81125
The Lunchbox,2013,U,104 min,"Drama, Romance",7.8,50523
Vicky Donor,2012,UA,126 min,"Comedy, Romance",7.8,39710
Big Hero 6,2014,U,102 min,"Animation, Action, Adventure",7.8,410983
About Time,2013,R,123 min,"Comedy, Drama, Fantasy",7.8,303032
English Vinglish,2012,U,134 min,"Comedy, Drama, Family",7.8,33618
Kaze tachinu,2013,PG-13,126 min,"Animation, Biography, Drama",7.8,73690
Toy Story 4,2019,U,100 min,"Animation, Adventure, Comedy",7.8,203177
La migliore offerta,2013,R,131 min,"Crime, Drama, Mystery",7.8,108399
Moonrise Kingdom,2012,A,94 min,"Comedy, Drama, Romance",7.8,318789
How to Train Your Dragon 2,2014,U,102 min,"Animation, Action, Adventure",7.8,305611
The Big Short,2015,A,130 min,"Biography, Comedy, Drama",7.8,362942
Kokuhaku,2010,,106 min,"Drama, Thriller",7.8,35713
Ang-ma-reul bo-at-da,2010,,144 min,"Action, Crime, Drama",7.8,111252
The Girl with the Dragon Tattoo,2011,R,158 min,"Crime, Drama, Mystery",7.8,423010
Captain Phillips,2013,UA,134 min,"Adventure, Biography, Crime",7.8,421244
Ajeossi,2010,R,119 min,"Action, Crime, Drama",7.8,62848
Straight Outta Compton,2015,R,147 min,"Biography, Drama, History",7.8,179264
Madeo,2009,R,129 min,"Crime, Drama, Mystery",7.8,52758
Chugyeokja,2008,,125 min,"Action, Crime, Thriller",7.8,58468
The Hobbit: The Desolation of Smaug,2013,UA,161 min,"Adventure, Fantasy",7.8,601408
Das weiße Band - Eine deutsche Kindergeschichte,2009,UA,144 min,"Drama, History, Mystery",7.8,68715
Män som hatar kvinnor,2009,R,152 min,"Crime, Drama, Mystery",7.8,208994
The Trial of the Chicago 7,2020,R,129 min,"Drama, History, Thriller",7.8,89896
Druk,2020,,117 min,"Comedy, Drama",7.8,33931
The Fighter,2010,UA,116 min,"Biography, Drama, Sport",7.8,340584
Taken,2008,A,90 min,"Action, Thriller",7.8,564791
The Boy in the Striped Pyjamas,2008,PG-13,94 min,"Drama, History, War",7.8,190748
Once,2007,R,86 min,"Drama, Music, Romance",7.8,110656
The Hobbit: An Unexpected Journey,2012,UA,169 min,"Adventure, Fantasy",7.8,757377
Auf der anderen Seite,2007,,122 min,Drama,7.8,30827
Atonement,2007,R,123 min,"Drama, Mystery, Romance",7.8,251370
Drive,2011,A,100 min,"Crime, Drama",7.8,571571
American Gangster,2007,A,157 min,"Biography, Crime, Drama",7.8,392449
Avatar,2009,UA,162 min,"Action, Adventure, Fantasy",7.8,1118998
Mr. Nobody,2009,R,141 min,"Drama, Fantasy, Romance",7.8,216421
Apocalypto,2006,A,139 min,"Action, Adventure, Drama",7.8,291018
Little Miss Sunshine,2006,UA,101 min,"Comedy, Drama",7.8,439856
Hot Fuzz,2007,UA,121 min,"Action, Comedy, Mystery",7.8,463466
The Curious Case of Benjamin Button,2008,UA,166 min,"Drama, Fantasy, Romance",7.8,589160
Veer-Zaara,2004,U,192 min,"Drama, Family, Musical",7.8,49050
Adams æbler,2005,R,94 min,"Comedy, Crime, Drama",7.8,45717
Pride & Prejudice,2005,PG,129 min,"Drama, Romance",7.8,258924
The World's Fastest Indian,2005,U,127 min,"Biography, Drama, Sport",7.8,51980
Tôkyô goddofâzâzu,2003,UA,90 min,"Animation, Adventure, Comedy",7.8,31658
Serenity,2005,PG-13,119 min,"Action, Adventure, Sci-Fi",7.8,283310
Walk the Line,2005,PG-13,136 min,"Biography, Drama, Music",7.8,234207
Ondskan,2003,,113 min,Drama,7.8,35682
The Notebook,2004,A,123 min,"Drama, Romance",7.8,520284
Diarios de motocicleta,2004,U,126 min,"Adventure, Biography, Drama",7.8,96703
Lilja 4-ever,2002,R,109 min,"Crime, Drama",7.8,42673
Les triplettes de Belleville,2003,PG-13,80 min,"Animation, Comedy, Drama",7.8,50622
Gongdong gyeongbi guyeok JSA,2000,,110 min,"Action, Drama, Thriller",7.8,26518
The Count of Monte Cristo,2002,PG-13,131 min,"Action, Adventure, Drama",7.8,129022
Waking Life,2001,R,99 min,"Animation, Drama, Fantasy",7.8,60684
Remember the Titans,2000,U,113 min,"Biography, Drama, Sport",7.8,198089
Wo hu cang long,2000,UA,120 min,"Action, Adventure, Fantasy",7.8,253228
Todo sobre mi madre,1999,R,101 min,Drama,7.8,89058
Cast Away,2000,UA,143 min,"Adventure, Drama, Romance",7.8,524235
The Boondock Saints,1999,R,108 min,"Action, Crime, Thriller",7.8,227143
The Insider,1999,UA,157 min,"Biography, Drama, Thriller",7.8,159886
October Sky,1999,PG,108 min,"Biography, Drama, Family",7.8,82855
Shrek,2001,U,90 min,"Animation, Adventure, Comedy",7.8,613941
Titanic,1997,UA,194 min,"Drama, Romance",7.8,1046089
Hana-bi,1997,,103 min,"Crime, Drama, Romance",7.8,27712
Gattaca,1997,UA,106 min,"Drama, Sci-Fi, Thriller",7.8,280845
The Game,1997,UA,129 min,"Action, Drama, Mystery",7.8,345096
Breaking the Waves,1996,R,159 min,Drama,7.8,62428
Ed Wood,1994,U,127 min,"Biography, Comedy, Drama",7.8,164937
What's Eating Gilbert Grape,1993,U,118 min,Drama,7.8,215034
Tombstone,1993,R,130 min,"Action, Biography, Drama",7.8,126871
The Sandlot,1993,U,101 min,"Comedy, Drama, Family",7.8,78963
The Remains of the Day,1993,U,134 min,"Drama, Romance",7.8,66065
Naked,1993,,132 min,"Comedy, Drama",7.8,34635
The Fugitive,1993,U,130 min,"Action, Crime, Drama",7.8,267684
A Bronx Tale,1993,R,121 min,"Crime, Drama, Romance",7.8,128171
Batman: Mask of the Phantasm,1993,PG,76 min,"Animation, Action, Crime",7.8,43690
Lat sau san taam,1992,R,128 min,"Action, Crime, Thriller",7.8,46700
Night on Earth,1991,R,129 min,"Comedy, Drama",7.8,55362
La double vie de Véronique,1991,R,98 min,"Drama, Fantasy, Music",7.8,42376
Boyz n the Hood,1991,A,112 min,"Crime, Drama",7.8,126082
Misery,1990,R,107 min,"Drama, Thriller",7.8,184740
Awakenings,1990,U,121 min,"Biography, Drama",7.8,125276
Majo no takkyûbin,1989,U,103 min,"Animation, Adventure, Drama",7.8,124193
Glory,1989,R,122 min,"Biography, Drama, History",7.8,122779
Dip huet seung hung,1989,R,111 min,"Action, Crime, Drama",7.8,45624
Back to the Future Part II,1989,U,108 min,"Adventure, Comedy, Sci-Fi",7.8,481918
Mississippi Burning,1988,A,128 min,"Crime, Drama, History",7.8,88214
Predator,1987,A,107 min,"Action, Adventure, Sci-Fi",7.8,371387
Evil Dead II,1987,A,84 min,"Action, Comedy, Fantasy",7.8,148359
Ferris Bueller's Day Off,1986,U,103 min,Comedy,7.8,321382
Down by Law,1986,R,107 min,"Comedy, Crime, Drama",7.8,47834
The Goonies,1985,U,114 min,"Adventure, Comedy, Family",7.8,244430
The Color Purple,1985,U,154 min,Drama,7.8,78321
The Breakfast Club,1985,UA,97 min,"Comedy, Drama",7.8,357026
The Killing Fields,1984,UA,141 min,"Biography, Drama, History",7.8,51585
Ghostbusters,1984,UA,105 min,"Action, Comedy, Fantasy",7.8,355413
The Right Stuff,1983,PG,193 min,"Adventure, Biography, Drama",7.8,56235
The King of Comedy,1982,U,109 min,"Comedy, Crime, Drama",7.8,88511
E.T. the Extra-Terrestrial,1982,U,115 min,"Family, Sci-Fi",7.8,372490
Kramer vs. Kramer,1979,A,105 min,Drama,7.8,133351
Days of Heaven,1978,PG,94 min,"Drama, Romance",7.8,52852
The Outlaw Josey Wales,1976,A,135 min,Western,7.8,65659
The Man Who Would Be King,1975,PG,129 min,"Adventure, History, War",7.8,44917
The Conversation,1974,U,113 min,"Drama, Mystery, Thriller",7.8,98611
La planète sauvage,1973,U,72 min,"Animation, Sci-Fi",7.8,25229
The Day of the Jackal,1973,A,143 min,"Crime, Drama, Thriller",7.8,37445
Badlands,1973,PG,94 min,"Action, Crime, Drama",7.8,66009
Cabaret,1972,A,124 min,"Drama, Music, Musical",7.8,48334
Willy Wonka & the Chocolate Factory,1971,U,100 min,"Family, Fantasy, Musical",7.8,178731
Midnight Cowboy,1969,A,113 min,Drama,7.8,101124
Wait Until Dark,1967,,108 min,Thriller,7.8,27733
Guess Who's Coming to Dinner,1967,,108 min,"Comedy, Drama",7.8,39642
Bonnie and Clyde,1967,A,111 min,"Action, Biography, Crime",7.8,102415
My Fair Lady,1964,U,170 min,"Drama, Family, Musical",7.8,86525
Mary Poppins,1964,U,139 min,"Comedy, Family, Fantasy",7.8,158029
The Longest Day,1962,G,178 min,"Action, Drama, History",7.8,52141
Jules et Jim,1962,,105 min,"Drama, Romance",7.8,37605
The Innocents,1961,A,100 min,Horror,7.8,27007
À bout de souffle,1960,U,90 min,"Crime, Drama",7.8,73251
Red River,1948,Passed,133 min,"Action, Adventure, Drama",7.8,28167
Key Largo,1948,,100 min,"Action, Crime, Drama",7.8,36995
To Have and Have Not,1944,PG,100 min,"Adventure, Comedy, Film-Noir",7.8,31053
Shadow of a Doubt,1943,PG,108 min,"Film-Noir, Thriller",7.8,59556
Stagecoach,1939,Passed,96 min,"Adventure, Drama, Western",7.8,43621
The Lady Vanishes,1938,,96 min,"Mystery, Thriller",7.8,47400
Bringing Up Baby,1938,Passed,102 min,"Comedy, Family, Romance",7.8,55163
Bride of Frankenstein,1935,,75 min,"Drama, Horror, Sci-Fi",7.8,43542
Duck Soup,1933,,69 min,"Comedy, Musical, War",7.8,55581
Scarface: The Shame of the Nation,1932,PG,93 min,"Action, Crime, Drama",7.8,25312
Frankenstein,1931,Passed,70 min,"Drama, Horror, Sci-Fi",7.8,65341
Roma,2018,R,135 min,Drama,7.7,140375
God's Own Country,2017,,104 min,"Drama, Romance",7.7,25198
Deadpool 2,2018,R,119 min,"Action, Adventure, Comedy",7.7,478586
Wind River,2017,R,107 min,"Crime, Drama, Mystery",7.7,205444
Get Out,2017,R,104 min,"Horror, Mystery, Thriller",7.7,492851
Mission: Impossible - Fallout,2018,UA,147 min,"Action, Adventure, Thriller",7.7,291257
En man som heter Ove,2015,PG-13,116 min,"Comedy, Drama, Romance",7.7,47444
What We Do in the Shadows,2014,R,86 min,"Comedy, Horror",7.7,157498
Omoide no Mânî,2014,U,103 min,"Animation, Drama, Family",7.7,32798
The Theory of Everything,2014,U,123 min,"Biography, Drama, Romance",7.7,404182
Kingsman: The Secret Service,2014,A,129 min,"Action, Adventure, Comedy",7.7,590440
The Fault in Our Stars,2014,UA,126 min,"Drama, Romance",7.7,344312
Me and Earl and the Dying Girl,2015,PG-13,105 min,"Comedy, Drama",7.7,123210
Birdman or (The Unexpected Virtue of Ignorance),2014,A,119 min,"Comedy, Drama",7.7,580291
La vie d'Adèle,2013,A,180 min,"Drama, Romance",7.7,138741
Kai po che!,2013,U,130 min,"Drama, Sport",7.7,32628
The Broken Circle Breakdown,2012,,111 min,"Drama, Music, Romance",7.7,39379
Captain America: The Winter Soldier,2014,UA,136 min,"Action, Adventure, Sci-Fi",7.7,736182
Rockstar,2011,UA,159 min,"Drama, Music, Musical",7.7,39501
Nebraska,2013,UA,115 min,"Adventure, Comedy, Drama",7.7,112298
Wreck-It Ralph,2012,U,101 min,"Animation, Adventure, Comedy",7.7,380195
Le Petit Prince,2015,PG,108 min,"Animation, Adventure, Drama",7.7,56720
Detachment,2011,,98 min,Drama,7.7,77071
Midnight in Paris,2011,PG-13,96 min,"Comedy, Fantasy, Romance",7.7,388089
The Lego Movie,2014,U,100 min,"Animation, Action, Adventure",7.7,323982
Gravity,2013,UA,91 min,"Drama, Sci-Fi, Thriller",7.7,769145
Star Trek Into Darkness,2013,UA,132 min,"Action, Adventure, Sci-Fi",7.7,463188
Beasts of No Nation,2015,,137 min,"Drama, War",7.7,73964
The Social Network,2010,UA,120 min,"Biography, Drama",7.7,624982
X: First Class,2011,UA,131 min,"Action, Adventure, Sci-Fi",7.7,645512
The Hangover,2009,UA,100 min,Comedy,7.7,717559
Skyfall,2012,UA,143 min,"Action, Adventure, Thriller",7.7,630614
Silver Linings Playbook,2012,A,122 min,"Comedy, Drama, Romance",7.7,661871
Argo,2012,A,120 min,"Biography, Drama, Thriller",7.7,572581
(500) Days of Summer,2009,UA,95 min,"Comedy, Drama, Romance",7.7,472242
Harry Potter and the Deathly Hallows: Part 1,2010,A,146 min,"Adventure, Family, Fantasy",7.7,479120
Gake no ue no Ponyo,2008,U,101 min,"Animation, Adventure, Comedy",7.7,125317
Frost/Nixon,2008,R,122 min,"Biography, Drama, History",7.7,103330
Papurika,2006,U,90 min,"Animation, Drama, Fantasy",7.7,71379
Changeling,2008,R,141 min,"Biography, Crime, Drama",7.7,239203
Flipped,2010,PG,90 min,"Comedy, Drama, Romance",7.7,81446
Toki o kakeru shôjo,2006,U,98 min,"Animation, Adventure, Comedy",7.7,60368
Death Note: Desu nôto,2006,,126 min,"Crime, Drama, Fantasy",7.7,28630
This Is England,2006,,101 min,"Crime, Drama",7.7,115576
Ex Machina,2014,UA,108 min,"Drama, Sci-Fi, Thriller",7.7,474141
Efter brylluppet,2006,R,120 min,Drama,7.7,32001
The Last King of Scotland,2006,R,123 min,"Biography, Drama, History",7.7,175355
Zodiac,2007,UA,157 min,"Crime, Drama, Mystery",7.7,466080
Lucky Number Slevin,2006,R,110 min,"Action, Crime, Drama",7.7,299524
Joyeux Noël,2005,PG-13,116 min,"Drama, History, Music",7.7,28003
Control,2007,R,122 min,"Biography, Drama, Music",7.7,61609
Tangled,2010,U,100 min,"Animation, Adventure, Comedy",7.7,405922
Zwartboek,2006,R,145 min,"Drama, Thriller, War",7.7,72643
Brokeback Mountain,2005,A,134 min,"Drama, Romance",7.7,323103
3:10 to Yuma,2007,A,122 min,"Action, Crime, Drama",7.7,288797
Crash,2004,UA,112 min,"Crime, Drama, Thriller",7.7,419483
Kung fu,2004,UA,99 min,"Action, Comedy, Fantasy",7.7,127250
The Bourne Supremacy,2004,A,108 min,"Action, Mystery, Thriller",7.7,434841
The Machinist,2004,R,101 min,"Drama, Thriller",7.7,358432
Ray,2004,A,152 min,"Biography, Drama, Music",7.7,138356
Lost in Translation,2003,UA,102 min,"Comedy, Drama",7.7,415074
Harry Potter and the Goblet of Fire,2005,UA,157 min,"Adventure, Family, Fantasy",7.7,548619
Man on Fire,2004,UA,146 min,"Action, Crime, Drama",7.7,329592
Coraline,2009,U,100 min,"Animation, Drama, Family",7.7,197761
The Last Samurai,2003,UA,154 min,"Action, Drama",7.7,400049
The Magdalene Sisters,2002,R,114 min,Drama,7.7,25938
Good Bye Lenin!,2003,R,121 min,"Comedy, Drama, Romance",7.7,137981
In America,2002,PG-13,105 min,Drama,7.7,40403
I Am Sam,2001,PG-13,132 min,Drama,7.7,142863
Adaptation.,2002,R,115 min,"Comedy, Drama",7.7,178565
Black Hawk Down,2001,A,144 min,"Drama, History, War",7.7,364254
Road to Perdition,2002,A,117 min,"Crime, Drama, Thriller",7.7,246840
Das Experiment,2001,R,120 min,"Drama, Thriller",7.7,90842
Billy Elliot,2000,R,110 min,"Drama, Music",7.7,126770
Hedwig and the Angry Inch,2001,R,95 min,"Comedy, Drama, Music",7.7,31957
Ocean's Eleven,2001,UA,116 min,"Crime, Thriller",7.7,516372
Vampire Hunter D: Bloodlust,2000,U,103 min,"Animation, Action, Fantasy",7.7,29210
"O Brother, Where Art Thou?",2000,U,107 min,"Adventure, Comedy, Crime",7.7,286742
Interstate 60: Episodes of the Road,2002,R,116 min,"Adventure, Comedy, Drama",7.7,29999
"South Park: Bigger, Longer & Uncut",1999,A,81 min,"Animation, Comedy, Fantasy",7.7,192112
Office Space,1999,R,89 min,Comedy,7.7,241575
Happiness,1998,,134 min,"Comedy, Drama",7.7,66408
Training Day,2001,A,122 min,"Crime, Drama, Thriller",7.7,390247
Rushmore,1998,UA,93 min,"Comedy, Drama, Romance",7.7,169229
Abre los ojos,1997,U,119 min,"Drama, Mystery, Sci-Fi",7.7,64082
Being John Malkovich,1999,R,113 min,"Comedy, Drama, Fantasy",7.7,312542
As Good as It Gets,1997,A,139 min,"Comedy, Drama, Romance",7.7,275755
The Fifth Element,1997,UA,126 min,"Action, Adventure, Sci-Fi",7.7,434125
Le dîner de cons,1998,PG-13,80 min,Comedy,7.7,37424
Donnie Brasco,1997,A,127 min,"Biography, Crime, Drama",7.7,279318
Shine,1996,U,105 min,"Biography, Drama, Music",7.7,51350
Primal Fear,1996,A,129 min,"Crime, Drama, Mystery",7.7,189716
Hamlet,1996,PG-13,242 min,Drama,7.7,35991
A Little Princess,1995,U,97 min,"Drama, Family, Fantasy",7.7,32236
Do lok tin si,1995,UA,99 min,"Comedy, Crime, Drama",7.7,26429
Il postino,1994,U,108 min,"Biography, Comedy, Drama",7.7,33600
Clerks,1994,R,92 min,Comedy,7.7,211450
Short Cuts,1993,R,188 min,"Comedy, Drama",7.7,42275
Philadelphia,1993,UA,125 min,Drama,7.7,224169
The Muppet Christmas Carol,1992,G,85 min,"Comedy, Drama, Family",7.7,50298
Malcolm X,1992,U,202 min,"Biography, Drama, History",7.7,85819
The Last of the Mohicans,1992,UA,112 min,"Action, Adventure, Drama",7.7,150409
Kurenai no buta,1992,U,94 min,"Animation, Adventure, Comedy",7.7,77798
Glengarry Glen Ross,1992,R,100 min,"Crime, Drama, Mystery",7.7,95826
A Few Good Men,1992,U,138 min,"Drama, Thriller",7.7,235388
Fried Green Tomatoes,1991,PG-13,130 min,Drama,7.7,66941
Barton Fink,1991,U,116 min,"Comedy, Drama, Thriller",7.7,113240
Miller's Crossing,1990,R,115 min,"Crime, Drama, Thriller",7.7,125822
Who Framed Roger Rabbit,1988,U,104 min,"Animation, Adventure, Comedy",7.7,182009
Spoorloos,1988,,107 min,"Mystery, Thriller",7.7,33982
Withnail & I,1987,R,107 min,"Comedy, Drama",7.7,40396
The Last Emperor,1987,U,163 min,"Biography, Drama, History",7.7,94326
Empire of the Sun,1987,U,153 min,"Action, Drama, History",7.7,115677
Der Name der Rose,1986,R,130 min,"Crime, Drama, Mystery",7.7,102031
Blue Velvet,1986,A,120 min,"Drama, Mystery, Thriller",7.7,181285
The Purple Rose of Cairo,1985,U,82 min,"Comedy, Fantasy, Romance",7.7,47102
After Hours,1985,UA,97 min,"Comedy, Crime, Drama",7.7,59635
Zelig,1983,PG,79 min,Comedy,7.7,39881
The Verdict,1982,U,129 min,Drama,7.7,36096
Star Trek II: The Wrath of Khan,1982,U,113 min,"Action, Adventure, Sci-Fi",7.7,112704
First Blood,1982,A,93 min,"Action, Adventure",7.7,226541
Ordinary People,1980,U,124 min,Drama,7.7,47099
Airplane!,1980,U,88 min,Comedy,7.7,214882
Rupan sansei: Kariosutoro no shiro,1979,U,100 min,"Animation, Adventure, Family",7.7,27014
Halloween,1978,A,91 min,"Horror, Thriller",7.7,233106
Le locataire,1976,R,126 min,"Drama, Thriller",7.7,39889
Love and Death,1975,PG,85 min,"Comedy, War",7.7,36037
The Taking of Pelham One Two Three,1974,U,104 min,"Action, Crime, Thriller",7.7,26729
Blazing Saddles,1974,A,93 min,"Comedy, Western",7.7,125993
Serpico,1973,A,130 min,"Biography, Crime, Drama",7.7,109941
Enter the Dragon,1973,A,102 min,"Action, Crime, Drama",7.7,96561
Deliverance,1972,U,109 min,"Adventure, Drama, Thriller",7.7,98740
The French Connection,1971,A,104 min,"Action, Crime, Drama",7.7,110075
Dirty Harry,1971,A,102 min,"Action, Crime, Thriller",7.7,143292
Where Eagles Dare,1968,U,158 min,"Action, Adventure, War",7.7,51913
The Odd Couple,1968,G,105 min,Comedy,7.7,31572
The Dirty Dozen,1967,,150 min,"Action, Adventure, War",7.7,67183
Belle de jour,1967,A,100 min,"Drama, Romance",7.7,40274
A Man for All Seasons,1966,U,120 min,"Biography, Drama, History",7.7,31222
Repulsion,1965,,105 min,"Drama, Horror, Thriller",7.7,48883
Zulu,1964,U,138 min,"Drama, History, War",7.7,35999
Goldfinger,1964,A,110 min,"Action, Adventure, Thriller",7.7,174119
The Birds,1963,A,119 min,"Drama, Horror, Mystery",7.7,171739
Cape Fear,1962,Passed,106 min,"Drama, Thriller",7.7,26457
Peeping Tom,1960,,101 min,"Drama, Horror, Thriller",7.7,31354
The Magnificent Seven,1960,Approved,128 min,"Action, Adventure, Western",7.7,87719
Les yeux sans visage,1960,,90 min,"Drama, Horror",7.7,27620
Invasion of the Body Snatchers,1956,Approved,80 min,"Drama, Horror, Sci-Fi",7.7,44839
Rebel Without a Cause,1955,PG-13,111 min,Drama,7.7,83363
The Ladykillers,1955,,91 min,"Comedy, Crime",7.7,26464
Sabrina,1954,Passed,113 min,"Comedy, Drama, Romance",7.7,59415
The Quiet Man,1952,Passed,129 min,"Comedy, Drama, Romance",7.7,34677
The Day the Earth Stood Still,1951,U,92 min,"Drama, Sci-Fi",7.7,76315
The African Queen,1951,PG,105 min,"Adventure, Drama, Romance",7.7,71481
Gilda,1946,Approved,110 min,"Drama, Film-Noir, Romance",7.7,27991
Fantasia,1940,G,125 min,"Animation, Family, Fantasy",7.7,88662
The Invisible Man,1933,TV-PG,71 min,"Horror, Sci-Fi",7.7,30683
Dark Waters,2019,PG-13,126 min,"Biography, Drama, History",7.6,60408
Searching,2018,U/A,102 min,"Drama, Mystery, Thriller",7.6,140840
Once Upon a Time... in Hollywood,2019,A,161 min,"Comedy, Drama",7.6,551309
Nelyubov,2017,R,127 min,Drama,7.6,29765
The Florida Project,2017,A,111 min,Drama,7.6,95181
Just Mercy,2019,A,137 min,"Biography, Crime, Drama",7.6,46739
Gifted,2017,PG-13,101 min,Drama,7.6,99643
The Peanut Butter Falcon,2019,PG-13,97 min,"Adventure, Comedy, Drama",7.6,66346
Victoria,2015,,138 min,"Crime, Drama, Romance",7.6,52903
Mustang,2015,PG-13,97 min,Drama,7.6,35785
Guardians of the Galaxy Vol. 2,2017,UA,136 min,"Action, Adventure, Comedy",7.6,569974
Baby Driver,2017,UA,113 min,"Action, Crime, Drama",7.6,439406
Only the Brave,2017,UA,134 min,"Action, Biography, Drama",7.6,58371
Bridge of Spies,2015,UA,142 min,"Drama, History, Thriller",7.6,287659
Incredibles 2,2018,UA,118 min,"Animation, Action, Adventure",7.6,250057
Moana,2016,U,107 min,"Animation, Adventure, Comedy",7.6,272784
Sicario,2015,A,121 min,"Action, Crime, Drama",7.6,371291
Creed,2015,A,133 min,"Drama, Sport",7.6,247666
Leviafan,2014,R,140 min,"Crime, Drama",7.6,49397
Hell or High Water,2016,R,102 min,"Action, Crime, Drama",7.6,204175
Philomena,2013,PG-13,98 min,"Biography, Comedy, Drama",7.6,94212
Dawn of the Planet of the Apes,2014,UA,130 min,"Action, Adventure, Drama",7.6,411599
El cuerpo,2012,,112 min,"Mystery, Thriller",7.6,57549
Serbuan maut,2011,A,101 min,"Action, Thriller",7.6,190531
End of Watch,2012,A,109 min,"Action, Crime, Drama",7.6,228132
Kari-gurashi no Arietti,2010,U,94 min,"Animation, Adventure, Family",7.6,80939
A Star Is Born,2018,UA,136 min,"Drama, Music, Romance",7.6,334312
True Grit,2010,PG-13,110 min,"Drama, Western",7.6,311822
Hævnen,2010,R,118 min,"Drama, Romance",7.6,38491
Despicable Me,2010,U,95 min,"Animation, Comedy, Crime",7.6,500851
50/50,2011,R,100 min,"Comedy, Drama, Romance",7.6,315426
Kick-Ass,2010,UA,117 min,"Action, Comedy, Crime",7.6,524081
Celda 211,2009,,113 min,"Action, Adventure, Crime",7.6,63882
Moneyball,2011,PG-13,133 min,"Biography, Drama, Sport",7.6,369529
La piel que habito,2011,R,120 min,"Drama, Horror, Thriller",7.6,138959
Zombieland,2009,A,88 min,"Adventure, Comedy, Fantasy",7.6,520041
Die Welle,2008,,107 min,"Drama, Thriller",7.6,102742
Sherlock Holmes,2009,PG-13,128 min,"Action, Adventure, Mystery",7.6,583158
The Blind Side,2009,UA,129 min,"Biography, Drama, Sport",7.6,293266
The Visitor,2007,PG-13,104 min,Drama,7.6,41544
Seven Pounds,2008,UA,123 min,Drama,7.6,286770
Eastern Promises,2007,R,100 min,"Action, Crime, Drama",7.6,227760
Stardust,2007,U,127 min,"Adventure, Family, Fantasy",7.6,255036
The Secret of Kells,2009,,71 min,"Animation, Adventure, Family",7.6,31779
Inside Man,2006,R,129 min,"Crime, Drama, Mystery",7.6,339757
Gone Baby Gone,2007,R,114 min,"Crime, Drama, Mystery",7.6,250590
La Vie En Rose,2007,PG-13,140 min,"Biography, Drama, Music",7.6,82781
Huo Yuan Jia,2006,PG-13,104 min,"Action, Biography, Drama",7.6,72863
The Illusionist,2006,U,110 min,"Drama, Fantasy, Mystery",7.6,354728
Dead Man's Shoes,2004,,90 min,"Crime, Drama, Thriller",7.6,49728
Harry Potter and the Half-Blood Prince,2009,UA,153 min,"Action, Adventure, Family",7.6,474827
300,2006,A,117 min,"Action, Drama",7.6,732876
Match Point,2005,R,124 min,"Drama, Romance, Thriller",7.6,206294
Watchmen,2009,A,162 min,"Action, Drama, Mystery",7.6,500799
Lord of War,2005,R,122 min,"Action, Crime, Drama",7.6,294140
Saw,2004,UA,103 min,"Horror, Mystery, Thriller",7.6,379020
"Synecdoche, New York",2008,R,124 min,Drama,7.6,83158
Mysterious Skin,2004,R,105 min,Drama,7.6,65939
Jeux d'enfants,2003,R,93 min,"Comedy, Drama, Romance",7.6,67360
Un long dimanche de fiançailles,2004,U,133 min,"Drama, Mystery, Romance",7.6,70925
The Station Agent,2003,R,89 min,"Comedy, Drama",7.6,67370
21 Grams,2003,UA,124 min,"Crime, Drama, Thriller",7.6,224545
Boksuneun naui geot,2002,R,129 min,"Crime, Drama, Thriller",7.6,62659
Finding Neverland,2004,U,106 min,"Biography, Drama, Family",7.6,198677
25th Hour,2002,R,135 min,Drama,7.6,169708
The Butterfly Effect,2004,U,113 min,"Drama, Sci-Fi, Thriller",7.6,451479
28 Days Later...,2002,A,113 min,"Drama, Horror, Sci-Fi",7.6,376853
Batoru rowaiaru,2000,,114 min,"Action, Adventure, Drama",7.6,169091
The Royal Tenenbaums,2001,A,110 min,"Comedy, Drama",7.6,266842
Y tu mamá también,2001,A,106 min,Drama,7.6,115827
Harry Potter and the Sorcerer's Stone,2001,U,152 min,"Adventure, Family, Fantasy",7.6,658185
The Others,2001,PG-13,101 min,"Horror, Mystery, Thriller",7.6,337651
Blow,2001,R,124 min,"Biography, Crime, Drama",7.6,240714
Enemy at the Gates,2001,A,131 min,"Drama, History, War",7.6,243729
Minority Report,2002,A,145 min,"Action, Crime, Mystery",7.6,508417
The Hurricane,1999,R,146 min,"Biography, Drama, Sport",7.6,91557
American Psycho,2000,A,101 min,"Comedy, Crime, Drama",7.6,490062
Lola rennt,1998,UA,81 min,"Crime, Drama, Thriller",7.6,188317
The Thin Red Line,1998,A,170 min,"Drama, War",7.6,172710
Mulan,1998,U,88 min,"Animation, Adventure, Family",7.6,256906
Fear and Loathing in Las Vegas,1998,R,118 min,"Adventure, Comedy, Drama",7.6,259753
Funny Games,1997,A,108 min,"Crime, Drama, Thriller",7.6,65058
Dark City,1998,A,100 min,"Mystery, Sci-Fi, Thriller",7.6,187927
Sleepers,1996,UA,147 min,"Crime, Drama, Thriller",7.6,186734
Lost Highway,1997,A,134 min,"Mystery, Thriller",7.6,131101
Sense and Sensibility,1995,U,136 min,"Drama, Romance",7.6,102598
Die Hard: With a Vengeance,1995,A,128 min,"Action, Adventure, Thriller",7.6,364420
Dead Man,1995,R,121 min,"Adventure, Drama, Fantasy",7.6,90442
The Bridges of Madison County,1995,A,135 min,"Drama, Romance",7.6,73172
Apollo 13,PG,U,140 min,"Adventure, Drama, History",7.6,269197
Trois couleurs: Blanc,1994,U,92 min,"Comedy, Drama, Romance",7.6,64390
Falling Down,1993,R,113 min,"Action, Crime, Drama",7.6,171640
Dazed and Confused,1993,U,102 min,Comedy,7.6,165465
My Cousin Vinny,1992,UA,120 min,"Comedy, Crime",7.6,107325
Omohide poro poro,1991,U,118 min,"Animation, Drama, Romance",7.6,27071
Delicatessen,1991,R,99 min,"Comedy, Crime",7.6,80487
Home Alone,1990,U,103 min,"Comedy, Family",7.6,488817
The Godfather: Part III,1990,A,162 min,"Crime, Drama",7.6,359809
When Harry Met Sally...,1989,UA,95 min,"Comedy, Drama, Romance",7.6,195663
The Little Mermaid,1989,U,83 min,"Animation, Family, Fantasy",7.6,237696
The Naked Gun: From the Files of Police Squad!,1988,U,85 min,"Comedy, Crime",7.6,152871
"Planes, Trains & Automobiles",1987,U,93 min,"Comedy, Drama",7.6,124773
Lethal Weapon,1987,A,109 min,"Action, Crime, Thriller",7.6,236894
Blood Simple,1984,A,99 min,"Crime, Drama, Thriller",7.6,87745
On Golden Pond,1981,UA,109 min,Drama,7.6,27650
Mad Max 2,1981,A,96 min,"Action, Adventure, Sci-Fi",7.6,166588
The Warriors,1979,UA,92 min,"Action, Crime, Thriller",7.6,93878
The Muppet Movie,1979,U,95 min,"Adventure, Comedy, Family",7.6,32802
Escape from Alcatraz,1979,A,112 min,"Action, Biography, Crime",7.6,121731
Watership Down,1978,U,91 min,"Animation, Adventure, Drama",7.6,33656
Midnight Express,1978,A,121 min,"Biography, Crime, Drama",7.6,73662
Close Encounters of the Third Kind,1977,U,138 min,"Drama, Sci-Fi",7.6,184966
The Long Goodbye,1973,A,112 min,"Comedy, Crime, Drama",7.6,26337
Giù la testa,1971,PG,157 min,"Drama, War, Western",7.6,30144
Kelly's Heroes,1970,GP,144 min,"Adventure, Comedy, War",7.6,45338
The Jungle Book,1967,U,78 min,"Animation, Adventure, Family",7.6,166409
Blowup,1966,A,111 min,"Drama, Mystery, Thriller",7.6,56513
A Hard Day's Night,1964,U,87 min,"Comedy, Music, Musical",7.6,40351
Breakfast at Tiffany's,1961,A,115 min,"Comedy, Drama, Romance",7.6,166544
Giant,1956,G,201 min,"Drama, Western",7.6,34075
From Here to Eternity,1953,Passed,118 min,"Drama, Romance, War",7.6,43374
Lifeboat,1944,,97 min,"Drama, War",7.6,26471
The 39 Steps,1935,,86 min,"Crime, Mystery, Thriller",7.6,51853
